9f0d2477-3902-46e3-bf6d-279e1821f3bc	200010004	active	V
dd7a5912-4204-4094-a087-cc58ab53e99b	200010085	active	V
a1b13454-4afe-47f5-add3-e3fd8833556d	200010159	active	V
f7e03b5a-009e-4552-a72b-c706bb8d06a3	200010174	active	V
a828d8d0-72e6-4cbd-b8cc-1d48ba53a70d	200010187	active	V
14702b76-1e55-4a86-8a6d-c68ecd4503f7	200010204	active	V
17664448-9fbf-465d-a6d8-84aa6d7e8bf0	200010278	active	V
a689ea9a-2920-40e7-9fe9-34538752338f	200010327	active	-
773c461a-4393-4752-a300-8498721b9722	200010359	active	V
1d4db797-2fcc-4116-addd-3cbc8c3c654e	200010363	active	V
ec81d649-7020-4495-8b7f-fd9a94fbd332	200010464	active	V
a174f32b-2fd0-498d-a9c9-460cc1d22c0d	200010535	active	V
c390ec6f-ad8d-4219-8b13-97111884daa2	200110014	active	V
920098a6-772f-4561-a81d-b76e2e5af519	200110084	active	V
b9814800-c067-469a-98e8-9073bd26dfa8	200110104	active	V
45812e3a-a7b7-4e69-9d52-9b0063994c67	200110121	active	V
7c0009de-7793-44a8-b409-4c64c8f84d15	200110160	active	V
39d6ef16-9066-43d7-8cab-096e88f3077e	200110237	active	V
b8fab961-83f6-435a-9ed1-f279583f21ae	200110468	active	V
68407240-5b88-4d5f-ad3b-eea0df62321f	200110568	active	V
ef411b0e-4e10-4ea9-a9e1-3443e26fe107	200110776	active	V
a0ffe7d2-1bde-4508-bd2c-199aec810d09	200110807	active	V
aad729b3-1837-4501-8af1-9c6a871536d1	200210233	active	V
9ed02776-e545-43d5-b158-16bcad6775b8	200210242	active	V
af0e5af4-1615-4975-9495-0aca6825ceda	200210269	active	V
033c1fdf-bfbd-4f47-bb30-4a395dfbd036	200210274	active	V
e425f33d-243f-4c7c-ab81-d29d6b56ded8	200210408	active	V
41297569-fb27-4697-a1c1-f8fbf1cfe044	200210484	active	V
59b233a2-cd68-4a9f-b951-5bc9e7be0dd0	200210522	active	V
1ba60b03-65d3-4f2a-8809-0799a79e87a3	200210554	active	-
fee3ce6d-4b7c-44dd-bb48-0ff84689ec3e	200210945	active	V
d8906094-ccbf-4050-82e7-488f3b1f843f	200211181	active	V
4b8c9a34-a2f0-4da0-b07c-3bdfa3a514eb	200220124	active	V
c6d1b4c0-273a-455c-8b56-1a0dd595ead5	200310167	active	V
2eea770e-2fd1-4537-9006-7e9c9932f432	200310419	active	V
c0e4f027-1522-470a-b5df-ca2f7e7c9a2b	200310483	active	V
69685aa3-147b-43a0-ba89-3b670af4b902	200310490	active	V
d02fb894-f900-4f3b-804b-decb25c92159	200310633	active	V
6600cfdd-d306-453b-9ba2-c55d444c91eb	200310747	active	-
b8de35f8-4988-40db-984f-ce767805b3cc	200310825	active	V
36623352-27e2-4efe-96e8-ff96dfaa5636	200310912	active	V
d188a7ba-1ca6-416c-97bf-5a88327b35a3	200311775	active	V
95239416-ba97-4671-8980-4dd5c7ec6291	200410053	active	V
07e5f873-551b-4b9a-b8b4-9ee4a977503f	200410144	active	V
00e9f2d0-1a4d-4284-a473-445a33f49cde	200410237	active	V
1f909085-533c-4bea-a2ec-d5230c451508	200410257	active	V
67c6f9f6-9ca0-46b2-93b2-43be6af8e89e	200411005	active	V
70e34e43-eb14-4824-803e-6d71ad3efcfe	200411116	active	V
6f2bfd6b-d194-4a8c-9af7-13fde2fe8bad	200411210	active	V
d57ea958-30a0-4d66-8a8d-4e071668d0f0	200411958	active	V
2d80b6f3-2637-4100-9fc3-055ff3ec14fe	200412111	active	V
77bcccfe-f0ca-4372-910f-03c98788a345	200420051	active	-
e1d0471a-7bd0-44d0-8e30-aeb5bea4d3d1	200510087	active	V
262e8fe5-fd35-469b-bf82-800d0c72475e	200510264	active	V
0073dd7c-a15d-44ca-8378-2414ee8f0acb	200510279	active	V
bc56198f-ad5e-447d-9c06-83d09e6d10a7	200510331	active	V
ce624c49-8a76-406e-b463-d0911ec0b02c	200510882	active	V
293a40ac-e609-407f-8e6d-dd54cddfc93d	200510954	active	V
2ff572df-c45d-4291-9e91-3352c64f7fbb	200511000	active	V
f3a70056-128c-4e9b-929e-7256e396cd47	200511167	active	V
971ce0fc-0f66-42b2-80d1-6d35202a2879	200511301	active	-
c4d651e3-5082-43c3-8675-1faeaec7ed05	200610001	active	-
3c6cf969-8b8a-4f2f-897a-02bcbcc62f6b	200610055	active	V
a73238e7-80ea-4c91-891a-d9f14f3205a9	200610120	active	V
fa0637b7-6d86-4fdd-998b-30ee8942bee9	200610300	active	-
37603ac4-4fe3-49d1-93fe-0562027d1822	200610466	active	V
9066f3f7-b490-4ea6-83f5-b577c54888dc	200610693	active	-
cdd0ed9c-3736-4086-8573-3709d593e14a	200610698	active	V
6c0ddab6-dd5a-4dbf-b996-e0f479ee05bc	200610719	active	V
c39bd5be-9883-4de2-b786-4df29ecf080b	200610879	active	V
04ee8ad1-a383-4cfe-b541-31388864825e	200611016	active	-
547dba05-e053-4392-ba35-6ba8c31ccb56	200611069	active	V
378382a1-9a7f-481b-806f-cd57e2938f32	200611221	active	-
9f525f2d-a6d5-455c-b550-cb6fbf1d75c8	200611248	active	V
f5bdbcfd-320e-494c-b494-99387b403526	200611251	active	V
8abb614f-f8a8-4748-a652-b0b44c1cf50b	200611389	active	V
78d6bf30-fd39-4a0b-bad5-ad896e6cdcce	200611527	active	-
c7c62f18-75c2-4740-9a07-bd5ca0822125	200611560	active	-
19a4df27-54e9-4b6d-846c-1d38a8b0d3fe	200710022	active	-
5e62c757-338c-4fc7-8ebe-19031d0b06b2	200710042	active	-
101a6639-2413-46be-a216-e5a5e9d65c7e	200710114	active	V
0ec208d7-f759-454c-98c6-680f723b3230	200710265	active	V
edd45eef-42ad-4dba-a29e-27b0fa2d691b	200710305	active	-
e8c8b610-8f77-4bf1-b21e-8fa9e0086fdd	200710819	active	V
9f6f898a-c9f8-49cc-9337-aac4f3fc81f8	200710977	active	V
aeae416d-57c6-4388-ac94-cf0330cd6f13	200710995	active	V
75c3456a-6c24-4597-a967-a5922cece1c1	200711313	active	V
894f58cf-3ce0-4b97-9c12-e8429652fded	200711773	active	-
a2e5ae65-eb01-4553-bef4-84205a7cfa6c	200720216	active	V
97860bbf-cc6c-40d4-9bb5-3326a23a53ce	200720272	active	V
946830bc-23c5-45fc-ae08-d526d2a51105	200720332	active	-
0971e2eb-68ce-4877-9ffd-f02fc845c0fd	200810041	active	V
23e1a3f7-0d34-41e7-8c66-30b7f98a49af	200810196	active	V
7c9e4d5b-09ce-476a-925c-96ae8dc9497f	200810203	active	V
904d6e46-e8fb-47de-b016-23623f76f722	200810256	active	V
ab0a8eaa-6f2b-4caa-aa2b-2917a83bc508	200810279	active	V
42ac8c78-7907-487f-8a9c-07a26b14e520	200810281	active	V
72057cfd-5695-4402-a901-362a2a54e993	200810621	active	V
5f331953-5ab2-44a2-bb5b-fb8f1c31eeb4	200810628	active	-
600e6f3f-d436-47f7-955c-a9dd5a3be66c	200810723	active	V
83b76268-a0ef-4f4f-bd36-a709f04e77a0	200810869	active	V
35c9f1c8-e7cf-4b4f-bb9b-7ce5d5ba3dc8	200910090	active	V
dc2b4df3-416a-473e-8f1e-4055970fb03a	200910294	active	V
7e835ea7-ce4c-4e08-97af-0125a44f3f6c	200910347	active	V
1c4eebe5-9742-435b-a711-cd454c06e449	200910536	active	V
c0d25fd0-e93b-41f8-abbf-1c13222554f4	200910553	active	V
83ccd756-79f9-43c5-8276-a57f97a37981	200910626	active	V
89f24f95-95b8-4a84-aebc-af2f34555bcb	200910638	active	V
7a118cb1-c2ee-4c1c-b172-271e70f9830a	200920001	active	V
74c41c90-b6a4-41ef-97d4-0300874f1b55	200920456	active	-
bdb45a60-bdc9-41f6-88ae-48cddb4da238	200920562	active	V
b9a766d6-987b-44d6-9ba7-9bc8d9088461	200920691	active	V
0860f44c-bda4-42ba-81b2-d03f56095be1	200920731	active	V
cdb7505e-ce66-446e-84b4-9ecd0dd18799	200920881	active	V
f41b2e6d-2306-484c-a4bb-ef42617e8922	200921231	active	V
a169a9e0-d1d0-4e3f-8372-0c6ebb1368b2	200921337	active	-
b81891d3-29e8-46ba-a65a-0544b399cebd	201010137	active	V
3670a939-f9ea-4d66-9747-6e18cce5663f	201010267	active	V
5f38df00-8da5-4521-8396-aa62e0d855af	201010445	active	-
9275168f-9d60-4f1c-ac30-782a37514501	201010537	active	-
5d62146f-4047-4dca-8147-9d8c9a453030	201010879	active	-
551cc649-8af2-4594-b51a-6717ea3d9a6a	201010947	active	-
8616f126-9c5b-4f2e-b08b-fdc938da244a	201010956	active	V
e0078bec-d99e-4c1b-8f23-63eb39bd9647	201010960	active	V
3300cd38-c785-4616-bdad-435ffdb61cec	201011015	active	V
46c353e3-6821-4cd7-a36d-3c361dc95c4d	201011230	active	V
87e862a7-42ee-45c6-8dd7-34755b5624d3	201011424	active	-
859ad2f5-80c6-400c-81b9-2064cbe78999	201011474	active	V
80b711a5-d246-4dd3-a1d1-a63bb90f069b	201011607	active	V
d98cc851-98d5-4a55-b416-a6c67a590eb4	201012178	active	V
071698fa-29f0-4bab-9dd9-501a97e8cbb2	201012207	active	-
e1dc53c7-474f-4acc-89a0-9b988fb29f04	201110128	active	V
90fb57a7-603b-4c02-923c-1b67c7d46986	201110173	active	V
4e51c31c-b3fe-4c2f-839a-ec78987e1ad7	201110235	active	V
856272a9-0558-4b2b-bc58-712330161bbb	201110274	active	-
44f8ae6f-70c7-468f-a4ca-c994dc21dc77	201110343	active	V
8915fc6f-1d8d-4e33-85b2-0ea06cc0aaa3	201110369	active	-
52b7bd58-163d-4ae5-8b89-1c6d34feb0f4	201110557	active	-
8ac3dfc9-96c7-41ed-88e4-b09915326976	201110640	active	-
301a4167-1dd5-4c49-8a19-d6f2b6b56b36	201110644	active	V
b7d7bcdd-f1b7-4204-b306-143638aa571b	201110793	active	V
520471e6-1b5d-4444-a5a0-10dfc9293546	201110823	active	V
2fb115e3-df5d-4023-9def-ed51e533ebc5	201120446	active	V
482a1c63-8633-4b21-b111-e87b9913a19c	201120467	active	V
222b7284-b74d-4e9d-af94-33f484aef8fd	201120495	active	-
aa1bd02c-124f-4f01-8c83-2f7ac3dc5c5d	201120678	active	-
8f2de0ff-0319-4359-85b9-b3db50ee80d5	201120753	active	V
483f728e-e1c6-4d0a-9952-f3c054e26cac	201120767	active	V
c67bba9e-2dcd-46a1-b844-45da859e144f	201121195	active	-
7a7aff0b-5a62-49d4-a1d3-bef265c61753	201121383	active	V
61ea06ed-dede-4b2a-8e97-dfab508296dc	201121557	active	V
21b2db7e-b009-4b4d-a95f-5bd20dfb080e	201122380	active	V
303e70b1-690e-4522-a9a3-ea8bc7cf7f63	201150167	active	-
7a0af48b-ab72-4226-9a67-c2bfdf955fcf	201210306	active	V
aee6c894-27af-49f5-a4d0-6a6f133aaddf	201210410	active	V
2a90a3e4-9a1e-4e09-b195-f70623b32892	201210489	active	-
4296d6a1-1ca9-42b8-866b-68d3b08bd844	201210558	active	V
f353743d-c8ea-46e5-a866-30833899f7d1	201210602	active	V
4244c3a5-fe3f-4d33-91d9-68629e49c230	201210848	active	-
40bdfa6a-eec5-495c-abd4-3161fb735c4d	201220182	active	V
6c57026f-0088-4766-999f-757514623b45	201220494	active	V
6b687ad2-5736-4761-ab20-8ef25c5fe318	201220843	active	V
3f60169c-52aa-49a2-8e24-a6fa1e1492af	201220851	active	-
8c894ccd-fc40-4a2c-a10e-36ec79bac34c	201221024	active	V
38c439ed-42d7-461d-b32c-c6c19531c1ed	201221033	active	V
c888f98d-5683-4d3e-8c86-b7e32cd0dbcd	201221038	active	-
6c663dc1-0768-4ac3-aa21-78379b982433	201221142	active	V
06b047b1-70b1-4d69-886b-be2a8934288f	201221886	active	-
d66bbac0-abb9-4f46-b153-b7761de5101e	201221936	active	-
cdbf9913-c421-41bc-84cc-2015e15e1022	201222095	active	V
0d1da8e0-1f44-4272-baa4-715af3fd71f0	201222262	active	V
52f1d454-608f-470b-901e-ffdf5a186cda	201222305	active	-
ccc9eb8a-56be-461e-8ea5-32ccd4b5cd62	201222417	active	V
1fccdf4b-2148-464f-9478-dd7b79e13878	201222448	active	V
30d598e4-8298-4500-824c-32ff8771b718	201310027	active	V
2cfcb329-0ca6-4cad-8875-9248189090b1	201310048	active	V
2fc38aba-deb4-4bad-b86b-f33bcb0353cc	201310058	active	V
6aebc647-2aa0-436d-bf48-4ec62776493c	201310221	active	V
509fb14e-c638-4cc7-9975-de61be945f1a	201310387	active	V
4a30e381-f7e9-4b7d-88ca-33dc41771a3e	201310478	active	-
be04244c-c461-4a9c-9405-53eb0b9bf295	201310576	active	-
c80cb323-9eb5-459c-bdb7-d1b16be18a1b	201310698	active	V
d8749619-1998-4436-874c-6d27ec1680b3	201310780	active	V
181de294-566b-4c66-924a-e833e0051555	201320042	active	V
752b2b53-1f68-4117-8763-9e9b684ae88d	201320385	active	V
54942c90-45af-4205-b418-2d936d76aca9	201320622	active	V
48fc2036-4f34-4314-929b-1dd74eca7817	201320788	active	V
fc9b7a3d-815a-4d0f-8c39-db5a93732257	201321170	active	V
ea899df4-13e8-4874-8232-07f8a05d1858	201321310	active	V
53d848b2-b1ac-4fbf-8670-b1b9ab609eb3	201321849	active	V
5daef0a8-cc5c-4c74-b0a5-3e406ecf08ce	201321856	active	V
ed66448b-586a-4a4a-9b21-1c3a5134642a	201321865	active	V
45ae12ef-ef37-46d2-983b-19ad1838392d	201322630	active	V
fe933295-4aa4-4772-a06f-0d9b4bff3865	201323407	active	-
4b105072-e94c-4605-b9e1-c1a10a14304c	201323410	active	V
b3c863a5-9763-4924-ad93-6d64a616703f	201323467	active	V
c39b6725-7339-4fbc-9a9c-a654f2dc060c	201410058	active	V
3e1dcbff-8611-4d24-a354-859b8a3b7085	201410067	active	V
05b5eb7a-cd21-429c-8f63-178605d26972	201410167	active	V
3f90face-2541-4bc9-8199-81817d7a7f95	201410328	active	V
6e9f367b-1c1f-4b03-8a1f-3bc500e5e964	201410349	active	V
023ffc38-aa0d-4ede-8575-274a209dae8b	201410382	active	-
c8ce1b45-1acf-4368-a660-27717ffa9bb5	201410394	active	V
6dede179-5a96-4181-9776-065359fe801e	201410416	active	V
b6862243-1ef3-4061-97dc-4acd0a53e230	201410680	active	V
8c2e5edb-cbcf-4c3c-866c-ad82e3d5d193	201410718	active	V
a8aff1b8-7fbc-47a6-bb25-19d9728a5813	201410940	active	V
adf43baa-1dd7-4346-af9d-65b4a2525dd3	201410998	active	-
8b7c01ed-9fa5-4d80-bf9a-507a1cb0371f	201420217	active	V
72a20cf5-c0a1-4874-b55d-e33fbc1cc3f5	201420220	active	-
7627e21f-0fdf-400a-975d-b025c7e50718	201420294	active	V
4fe157c0-7591-4672-826e-24be24ecaf13	201420332	active	V
0d936ab0-f0fd-4897-a107-cabce63cdf23	201420338	active	-
89eee84b-1573-4d39-8801-fa0a81163159	201420382	active	V
f36dc370-8322-4d80-ad04-c708d6574b2c	201420575	active	V
326fd263-61a7-4a9c-9d93-3d09009d9bc8	201420623	active	V
953f1c37-8cbe-4599-bce1-9cff76ab6b95	201421034	active	-
0f9d27ce-8ddf-40cf-b806-a5685f19ec78	201421036	active	-
c805c201-0580-451f-ae15-102d3035fba1	201421915	active	-
6543dd64-6827-4b9a-913d-238349663ad4	201422206	active	V
a844f673-d0dc-46a1-9fee-67422c0f7f13	201430006	active	V
9d9cbdc7-4321-4746-a22c-c3d82117efcb	201510289	active	V
98874795-6e56-4b8e-9c63-944073bcb13d	201510303	active	V
89df3e75-14e4-4919-a188-4d4e474a138b	201510378	active	V
7a832412-d3e3-4df4-94bc-e28f1a95a9fa	201510456	active	V
b19294c1-a24a-4ed6-8a9c-74ee6be5b6fa	201510687	active	-
791ceefe-7595-4487-a6f0-9410ff031138	201510692	active	-
f4adea1c-9cf4-4929-9d74-496e4c5762cc	201511121	active	V
aad0a4d6-f694-41f7-ab4b-fcf2d00ae0d6	201511157	active	-
0c570439-2b8b-4b02-9838-8b593873c3ac	201520357	active	-
658900f3-438a-48b4-8fe6-b77fc05002d5	201520459	active	V
8b71ffa9-9dda-412f-b85c-6d14151fff8d	201520480	active	V
298fae53-5ff5-4bd0-8829-f6e95fc51231	201520544	active	V
eb67b0fa-d83c-43eb-ac58-4963961efc08	201520559	active	V
0d731fbb-85e7-4da0-a83e-fc25503b243a	201520563	active	V
62480b1d-d5c7-4120-a40f-2871254d49ee	201520633	active	-
d7a7e143-da30-43ae-a320-a0b989d45f9d	201520666	active	-
6812abcd-5606-453e-85d0-77ac3691530b	201520704	active	V
4ca84d3e-8ed7-4cc1-9a08-7b2f2535efc3	201520751	active	V
d6e4ba86-eaf0-4c84-80fb-2a110a590c49	201520895	active	-
499bdf9c-a481-49bf-8c22-8b4389fa3830	201521028	active	-
6e509f0d-f572-4d86-be3d-6ce76613ee4d	201521088	active	-
6b4f30ed-5151-4840-a1cf-ea9f8ba2deb8	201522233	active	V
1fe232ed-ebf9-4565-b7c8-c49572b2a1c8	201522355	active	V
5473bf13-6697-47a1-b61b-9b126d306b50	201610126	active	V
0bb6362d-6b24-4857-a952-381acd4b25c6	201610135	active	-
b20209cc-c13b-481a-af99-b5b001eaaebb	201610136	active	-
f15ef4a5-5402-43bd-94aa-74a9f12c9cfd	201610145	active	-
e2d8f7d2-be12-4820-8ffc-905b7524c558	201610176	active	-
0e9dc2ca-19eb-4cac-80f2-ea134a4940c0	201610198	active	V
1cc4e3f2-168c-4e01-a20c-8a758b96023e	201610228	active	V
8679746b-52af-46cd-8e18-3cbf42dcd63a	201610234	active	-
634b9768-4502-41fb-aa3c-b791f3504100	201610420	active	V
244ba566-391b-4d70-ae0a-e35b5680ed84	201610422	active	-
29b450d0-36b1-4623-b3ef-ec12fe61a931	201610466	active	V
56b57a23-6edb-4d4f-9ef7-6950993baa1d	201610569	active	V
23a15332-c44f-4faa-9a95-09dd3c5efe4a	201610620	active	V
7beb9650-f92a-4fb2-b19e-155c3208c4d9	201610930	active	V
d3a7ff24-1c4a-47e8-863a-62a604495c01	201611511	active	V
de783a6b-f329-4760-9994-eff5c2421abf	201611824	active	V
a6821254-8341-4832-a0ed-a1033c2a0c5e	201611834	active	V
02230230-e76c-43ff-89cb-eab0a2fe9a3c	201611843	active	V
be1d006c-e3f2-4000-9d7e-0ae36997725e	201611860	active	V
0e7ebf52-9e38-42a3-9afa-ca1b6eebb489	201611943	active	V
b5821705-e8f4-46dd-8118-5c80f70b7a74	201612001	active	-
719fefa1-392e-48c2-956a-5329c20a44b5	201612054	active	-
3dc77c3c-219b-4f2d-9635-d462c3e0cdb5	201612060	active	-
c06527dc-b81d-43d8-83be-0c15f9310dde	201612110	active	V
6139bcd2-2edf-4984-91fa-e74e495212a5	201612198	active	-
3fd7e4a9-9fff-4e81-a28e-6ca253ef00b7	201612238	active	V
de30e112-589e-4866-927e-52f284cd096b	201612284	active	V
533a5299-d9e8-4e31-825c-d63f489ba49c	201612718	active	V
12d6614b-6513-4230-8db6-a70e8a65700c	201612722	active	V
b212d372-b344-4f19-a371-06c892e83d2e	201612737	active	-
b40efad0-7f62-46f2-8912-d1f7472a2f64	201612885	active	V
f394c722-12a2-4220-8dee-7cf4c4af228e	201620318	active	V
ced2cc81-4e10-4cfc-a67f-618b214cd9c7	201620335	active	V
05c8e2fd-a7af-4b0a-971a-82e0c8a04d86	201710020	active	-
43f70f45-68c2-4b9f-a0f4-387cd21070aa	201710021	active	-
0a4fe7fa-7dc5-45aa-82e8-9657ceed0697	201710025	active	-
92077de3-7572-4dfe-8c7a-29865d349663	201710030	active	V
4f58a7c6-9db9-48e9-8123-f82390cce837	201710036	active	-
b373185d-704b-4311-a8f7-cf45b615d83f	201710040	active	V
aa2596b8-af33-4087-a712-8f28724e1675	201710059	active	-
9c0a5d68-07dc-4a7a-bbb4-b8fa5e9fa7a8	201710208	active	-
240feb35-c6a6-412a-83ad-c0b40a0cb57a	201710227	active	-
c367ff02-9c1f-4112-8698-be9d388a1961	201710276	active	-
f919aa59-2ac1-4ff5-b3f9-f3af0a00816b	201710355	active	-
4d9c740a-0d4c-4096-bbdf-8fca784834b4	201710389	active	V
7e9e9058-81b4-4b2d-912f-f8efcefea18d	201710415	active	V
4df33133-c1fb-468c-be2a-63737aba6797	201710475	active	-
1e11eb3b-9cd0-4b57-b131-8edb1f352254	201710671	active	V
4828d3e1-2330-4c72-8712-50715ebf7b3e	201710766	active	-
398b8224-14ea-446c-85e9-7702f3065cf1	201710784	active	V
f4bd6438-bf80-4fc9-a2a4-05c0b82145bd	201711428	active	-
71ebfbe5-17b9-4f35-8eb9-a32b8c71159e	201711514	active	V
46b6cdfe-d9c7-44d7-bb71-46d29a59c44b	201711631	active	-
c0e0a8a1-4c22-46a8-bcfc-01aac5da57cb	201711699	active	-
9410036f-da0c-4b61-9dca-607fb24909ec	201711839	active	-
86cb2b54-4f24-4d9e-a931-92386c703d8b	201711906	active	-
dd1ced94-5a38-4f2e-b7ac-ee21cb6e1195	201711918	active	-
781a46ef-8675-48a2-be47-1e64fe4a0fd1	201711990	active	V
e8510cc7-ce5b-4388-b53d-a9e2cc65b7c9	201712068	active	-
0b98bfde-230b-47d6-9217-212f31dacdd4	201712230	active	V
bed2be5b-3d76-4c0c-865b-0a5322fe8f87	201712393	active	V
901d11eb-debe-460d-9d99-68a6b67f6b1a	201712471	active	V
1c8a3199-d758-4516-8723-fefc7ff7cb78	201713021	active	V
5fe2c996-8211-4a9a-b692-ee1282a4b408	201713036	active	V
899ff9d5-50ef-440f-bcb8-374376cdcc1f	201713078	active	V
0dead50c-c8c7-4a86-825b-2b3dd7d8c2bb	201713193	active	-
a0df6dae-e329-46bb-8f48-f077a0ad1249	201720068	active	-
bfa462b8-dcd2-41bb-b9c7-8c58652f0301	201810054	active	V
fb72c919-a98b-4e9f-adf4-39500e916924	201810084	active	-
5d62ee11-2587-4d30-b348-761714e48d91	201810270	active	-
4794625c-3962-46ca-942f-dba22c29cbfd	201810273	active	V
afcbebbd-685e-4991-8196-6517df9a0d8b	201810437	active	-
35ce74fb-a7fa-46d1-95e8-f968e03b1edc	201810465	active	-
97952b02-4145-4a2a-921e-e833ee88bfbc	201810626	active	V
6bcfa9fa-27ec-452b-b28e-bedc0ac4b8b1	201810676	active	-
87ef7932-4626-445e-9e70-2ce3e1d4e74f	201810690	active	V
36274d3b-90f5-4fad-9387-05090f559489	201810773	active	V
a4e6babd-6e91-4b88-9ccc-39de5de3ffb1	201810791	active	V
d06cd6cc-e07b-43e3-a33e-c43243b049a3	201810882	active	V
783029d2-3d22-4ecb-8134-92019f3e102b	201811197	active	V
f89af5a5-d0d7-4e64-90fe-d79ec2f53b9a	201811324	active	-
891afae6-057a-4e35-8b16-0078a5d9ec17	201811328	active	V
63fdf6f2-a148-4536-9b2c-933b4ef76f55	201811356	active	V
3b4f8910-0248-4d0d-92ff-98cf808c3c5e	201811360	active	-
e25a546b-84e5-438f-82e0-d8d6f1b3e278	201811401	active	-
c0ed5a7d-2e9b-4f1d-8cac-61dc15fc151c	201811677	active	-
fb52fc99-8c20-42c3-8147-02926a3f9a93	201811683	active	V
c9f18b29-6bcb-41cf-acf0-c858c3778386	201811711	active	V
1ae9df36-ae2d-4667-a7d1-d93ad0a517b2	201811727	active	V
d5e98ff5-f29e-47f2-aa63-f78c310aa8ef	201811756	active	V
5f97c025-8ff9-4582-ae73-608f4559de47	201811791	active	-
03df367c-34f8-4f39-b417-3a9acb80c264	201811908	active	V
284563ca-f090-4dee-8eae-7f79e4790eef	201811923	active	V
77c25648-3729-481a-8091-ea7abb5e096a	201811985	active	-
267b7bfb-0c49-4e0c-a46f-f22ea5ae1921	201812179	active	-
dbb92220-5378-4c26-af0c-29bdf3d5b118	201812187	active	V
005def6b-3f46-4f28-94da-99df8247c565	201812431	active	-
ab58be22-368a-4dd4-8421-fc874b59a981	201812488	active	V
2df064a3-0967-4a76-a5d3-e9c74f98748e	201812503	active	V
c982da01-5e27-4f14-9716-0612dab8e252	201820041	active	-
3a7482d1-35bf-4f6f-a6b8-315c2ef8d04c	201820103	active	V
4f0dad6e-110b-4cab-ae5d-24e80dde4c6b	201820111	active	V
0eff0b92-4c31-42d9-a408-864074411759	201820133	active	-
6f9cbad5-c3ba-4c1c-bfcd-42c98d007517	201910111	active	-
22a89626-bb60-47ff-a847-a0df9d1c74ef	201910137	active	V
9e0c7ba4-a85e-4a23-822b-7a79fc9dfbbd	201910193	active	-
09f8e0a7-ee24-4a26-80d9-6a60fe2ba247	201910200	active	V
c21ac185-8ab2-401e-9774-3417cffa6bfd	201910282	active	V
59182366-64c5-43e3-bc94-05a75ef0beda	201910368	active	-
ccbbde5c-c0fb-4b1a-9655-10c6515dc412	201910432	active	V
1aec4af7-530c-4929-a583-6142d410440a	201910433	active	V
69167011-80f1-47da-8fbb-c06c0be91486	201910447	active	V
24510feb-2a48-48f3-9c34-b00d63cddc77	201910473	active	V
e67c83b8-8eba-4aef-b4eb-23e7c1a2c957	201910480	active	-
d7dc27c8-a3ca-4931-b553-8ce265331a8c	201910556	active	V
a1d857e7-18ed-4f34-8463-a365df6fb677	201910767	active	V
e5a377d4-7655-4b16-840b-de903a1d98b3	201910769	active	-
3dc8f6e8-ef4c-44e7-b089-e0fa58015b3a	201910790	active	-
52cae394-6694-4662-b3da-91505e7c02c5	201911079	active	V
c6533b86-b7b7-48c1-b179-de24c05ca775	201911115	active	-
f60fc6af-14f7-46ac-9f94-22760b679cab	201911117	active	-
43c7975d-521c-46f0-9334-a68d07037114	201911136	active	-
2af126ed-6571-49fa-b652-6b510e87b7f6	201911229	active	V
5d24e6fc-8687-4b62-bd69-5ed8b9ae8b88	201911234	active	-
ecc2f07b-fc7b-4495-b60d-81054db6e7ec	201911253	active	V
005f0dea-35b8-439e-b5f3-5c3ff4c1c0d4	201911282	active	V
3f8e2aae-e437-4004-98f4-ad9f24d7b41e	201911291	active	-
be1e664a-8d05-4e42-9b9a-3107176712f1	201911296	active	-
1b1327ba-91e8-4a2b-9639-2bd8aa3e81e8	201911398	active	-
51f87231-7fb3-4b59-9f5b-f4f23d777843	201911400	active	-
e2d9aa9e-c6c6-4a45-92b5-03a8f6685b76	201911402	active	-
1ea3b625-3a4d-46e8-a354-5bc39c225e47	201911417	active	V
8ced238a-dac4-4be6-a13c-5678e86292bc	201911558	active	V
8a58bbae-cd94-4ed0-95c1-2854df2d99cf	201911730	active	V
4b68bee3-7a26-4cf8-bc2d-6562b2d8512d	201911738	active	-
dc5d77e9-bc40-4be5-8cb8-ebfd347497cb	201911818	active	-
b1d0c4e9-af5a-4124-af4b-eb44d0571c29	201911885	active	V
8c269f1c-7029-45a8-bb17-b2b3beb287ef	201911892	active	V
5640ea08-758a-4ab4-a134-0b229cf208d4	201912019	active	-
33679578-3b09-4838-8e01-3ab48d82d0e7	201912131	active	V
4179b55d-4c64-43d8-bc6e-38af2a2a702c	201912141	active	V
a4664d8f-e45a-432c-a15f-b5c6e1393f4f	201912259	active	V
0e92e022-4582-49b4-b70c-4d31a1ee02ca	201912262	active	V
c6d37005-344f-4755-9f61-f4406a375837	201912268	active	V
bcabf17e-f09d-486c-9363-82970f1c4afe	201912271	active	V
3dda5596-6c39-40e9-b885-4a1246922cbd	201912288	active	V
1e88b4cc-9ec4-422b-875f-275f293286fa	201912611	active	-
34e31b71-7c5c-417b-8a38-025b84481660	201912644	active	V
e14621a1-cce3-4412-8be8-a5ba130aa467	201913070	active	-
74628da3-2198-4d88-a4e9-070cb8a303f6	201920036	active	-
8de1efa9-b449-49c2-87d8-4e6c05d077c6	201920078	active	-
d9b66aec-84a6-4a8c-9c3f-9f8beb163e8d	201920248	active	V
cf2a54a3-8768-4905-9859-6ef90a023948	201920395	active	V
442548f9-9fea-4bf6-9173-969a4334fb50	202010028	active	V
2dc6ebb1-ccd3-4ac9-867e-b207a699aef9	202010109	active	V
80d1dbee-e4cc-4cd9-abce-137d989fb3ed	202010114	active	V
6797f776-78f2-44e3-82e1-f26a858ba4e9	202010157	active	-
825ee261-fedd-4d29-a915-654806fe5388	202010271	active	V
919b8435-85bb-4f2e-b5a2-8b44c2d49112	202010284	active	V
47d9a5c5-651f-4d63-92d9-a175299e2e16	202010294	active	V
f18fd7af-eefb-4f05-80c3-b7bce18faaaf	202010327	active	-
36e0ce2c-6da4-4d10-9621-cd8b3ee38cfd	202010328	active	-
9a91b37c-8ded-4276-b926-a608daaf80ed	202010347	active	V
6426d537-aaa6-4666-9131-d37864f2fd7d	202010357	active	-
082152b4-20e7-4de2-ae6f-4e97381f79c7	202010407	active	V
3e86f578-a932-4918-abf6-0518337079c4	202010496	active	V
e0a4e765-2f73-471d-a5aa-4b939cfd98e2	202010542	active	-
472f7ad6-9129-47c4-a825-d9041568d921	202010544	active	-
28d124a9-e99e-49c9-a7c3-ba7af8066703	202010639	active	V
c88763d9-255e-4941-bbac-2b8633298942	202010657	active	-
2ffbb9f4-cc99-4a84-b17d-823873ff024d	202010658	active	-
e3667a0f-0b2c-4de1-ab12-a2374043ee5f	202010664	active	-
31ecc264-9e76-4c47-a475-f10eaaabb780	202010739	active	-
8c04c0f4-b9dc-40a6-b877-cc828bc21383	202010759	active	-
d0a2b61b-d51e-450d-9ff6-8cd9df5ff576	202010813	active	-
0d72131f-dbba-43f1-99f4-55b81f793d5f	202010829	active	-
5ad2ab3a-e3c6-47c9-8386-d6a0ff31c89c	202010846	active	-
4057d32f-ffa0-4815-bfb0-5127a4b38cee	202010868	active	-
e55b2a96-3a6a-460c-875a-db30c12de67a	202010934	active	-
bf971026-90ca-4590-a89e-e26d7217acb3	202011213	active	-
13ce8d6e-3e26-42b5-8a27-487f96d706b7	202011275	active	V
2ccc5332-c67e-4c3a-8f4a-8607a2b5b4c6	202011303	active	-
53aea406-875e-4b36-b465-811e7c4d0790	202011315	active	V
c312d045-f109-4a47-9828-d4d4ee742d54	202011356	active	-
16783c2f-1637-43c6-aaa0-0c5bf8cd38f4	202011601	active	V
c36b5145-6056-40b7-b875-1427c36942f5	202011607	active	-
efd16108-e9a1-40c4-bc54-8f7d517c5856	202011613	active	V
da7f460d-2611-438f-8f53-583fffb84d2f	202011641	active	V
4b4a9e6e-2d2c-4154-8c50-384cf1323de0	202011670	active	-
295a907e-65ad-493b-9036-ca97196876d2	202011688	active	V
698169d7-1f44-4a5e-bfcc-eb387c529566	202011703	active	V
bcc595aa-e2c1-4e9a-92df-93e5c5cdb11c	202011712	active	V
bed80405-c01c-4df9-9d93-1e91f503168b	202011750	active	V
298b6e48-158e-4a0a-b2ef-110ea37895a6	202011795	active	-
9dc7036a-4d46-4c80-a04b-681818eeb98a	202011917	active	V
822c1593-136b-4087-8a8a-6f42873f7475	202011954	active	-
d57c9b46-7d03-4ee1-a9d5-2f94e3b28386	202012052	active	V
7e516683-bc76-4f75-8316-80712491cd03	202012082	active	-
066f9940-43b3-474c-a08e-090e71b4559e	202012156	active	-
d84efb97-bd79-4459-a9e3-612c69037fa7	202012230	active	-
42b9f0bb-adf1-44c6-a6c6-bb228212fb57	202012323	active	-
25032463-0d2d-403f-8b27-5ebad06cbeed	202012490	active	V
9ff878fc-b0c9-4e56-8dad-34b5a38f04e4	202012494	active	-
a038590e-ee6f-406b-b90f-419c6522acab	202013531	active	V
982a1fc9-5127-486a-b7b6-cd621722e32e	202013542	active	-
5d2c932a-9b07-401c-979a-d5d1914682db	202013598	active	-
75aed39d-fd7b-40f8-ba93-bba13a489ca1	202013700	active	V
5fd45cda-d33a-44e3-a770-16800137e281	202013750	active	V
f4e7899d-8ebe-4e4f-bbc3-198310d469d6	202013844	active	-
0ce45440-4efb-4c12-99de-2156b000cb58	202013881	active	V
09b33805-80a0-4b4e-8862-30e981a0cd54	202013920	active	-
24570b47-94ce-42a6-83ee-6407822da141	202013971	active	-
7a38ebac-5763-472c-a532-178178d398be	202014027	active	-
bb5d83a9-22da-46e7-a8cf-affa1eeb6390	202014068	active	-
e7945568-1a9b-4603-990b-a0de1bb5d0d6	202014101	active	-
57e48e2f-114a-42f7-82ea-b80218b467e6	202014158	active	-
5cdd600f-6f38-44b6-aa0a-f4f54a7513d3	202014208	active	V
0c3919a1-b9b8-40d5-a750-8be7287547db	202014209	active	V
57a750cc-5407-42f2-ae1b-b5ce896f39d0	202014237	active	-
69d4b9ae-5c91-43c0-a202-855582602866	202014253	active	-
7fcfade8-f406-4d9f-945c-46b5c3b442b0	202014360	active	V
ea7df38c-a988-4d34-a092-e4141806ab6d	202014642	active	V
93c56b3a-9737-40e3-a8fb-0a6d582c7cb2	202014969	active	-
02dcb4da-bf83-4074-a87c-fecf934de5a2	202015122	active	-
6b1f0192-6c67-43d9-b5d5-686e42a705a6	202015187	active	V
d268dabe-c84a-4e17-a74d-9737a6ee25b0	202015259	active	V
8d0e0ea5-8f41-4336-a4b7-d81f9b14b55b	202015531	active	V
6740eb33-f7a0-4cea-a3a3-59327d0ef9ea	202015550	active	-
81e3d348-057f-46f5-8397-d156b9c64612	202015574	active	V
33196cc8-89c0-48bf-88cb-732a62d23b10	202015611	active	-
e8b62aa6-1a8b-4d8e-b5c5-d8ad7fbae40a	202015661	active	V
5f07686b-c5af-4c8d-ab14-fe5fb67a58f8	202020272	active	-
26744b0d-1691-4259-837d-7a82e07d9f7a	202020286	active	V
16802931-e065-4aac-a60e-33fbdb2cf08f	202100017	active	-
294fa066-886e-44d6-a19e-8e97a5b023e1	202100018	active	V
425ccd44-15af-4bfa-bfa0-220e8b07a5b5	202100030	active	-
2396075c-5465-4d34-8856-f16c72add136	202100053	active	-
8e7a8c7d-6b64-4d5a-9581-0791ef053908	202100072	active	V
00d50d14-e7e8-458f-9a15-c35582cc75d0	202100083	active	-
e2f9762c-0932-4b13-9653-a0b3f08650a0	202100090	active	-
81deb6ba-8684-4acd-adf2-c5e6a85754a2	202100102	active	-
ce7a69f4-d623-4645-b51c-93e429b9cea0	202100120	active	V
bf7fc396-38ff-42e8-8e8e-47ca947246fa	202100345	active	-
5cfd90af-74a2-41f7-bcbf-30dd8b37f4ff	202100401	active	-
8b987f2f-b93e-46cb-9db0-d0e63fde7c3f	202100502	active	V
6a642ebd-79be-4e7d-b881-13eb3b8d6b99	202100565	active	-
36e65b94-b376-4900-b2c9-5832e07de922	202100587	active	V
49c3f669-b103-41c8-8fc8-a8b67e74851f	202110600	active	-
c962ab94-a141-4a28-af8d-8c3564c47bea	202110661	active	V
51939720-48a5-4f7a-8547-5ba011e22f10	202110674	active	-
2475805e-fc78-4bc4-af6b-2fdedb4d9a07	202110692	active	-
335475d5-ea48-478e-87fb-35ffe6cdebd3	202110694	active	V
3f74a248-3a30-44f9-a766-b9857aebe952	202110710	active	V
a18f5a9e-e5e0-4900-a1dc-28bc8cfcc953	202110726	active	-
526b5d35-9b7b-45ec-a371-b6a82f87065c	202110735	active	-
ecae84a7-4bb8-4b54-b431-2b0f53a30210	202110762	active	-
6aee73b3-c949-4532-85f6-30ba28e2594d	202110775	active	-
f9104053-f8f8-40e2-b562-0ffdba598efb	202110783	active	V
4303857d-2e79-478e-86fb-70d632b01305	202116106	active	-
3fa5b748-c627-4ea2-901d-720551f2a324	202117976	active	-
3de35508-a389-465e-bf62-e42484138637	202118207	active	-
9df55159-ca14-4aac-9316-42311098cafb	202118260	active	V
f47eb40f-f2ec-4d1c-ac9b-31b9b60307a5	202118408	active	V
998b5a52-42ee-4fd1-a3ed-89584a670087	202118579	active	-
9a39f4e7-80f0-42a1-8463-d394b0540134	202118696	active	V
e957f17c-6681-47b6-876d-82274525aa63	202118701	active	V
fe4191bd-0c83-44e5-8041-f882948d11c7	202118708	active	V
e03b584a-56ce-4998-b992-426ef1e31516	202118714	active	-
2b51b6f9-58bf-4b4b-88a6-9fee335756e7	202118933	active	V
e853a180-8412-467a-8168-bf34f2818bea	202120319	active	V
a3967994-dda3-4d1c-88a6-09909c36fcfc	202120383	active	V
4ef5dfdc-7804-4ee4-80d2-23d462bc7e25	202120459	active	V
bde61c4c-47e6-4ee1-a707-701dbe78815e	202120496	active	-
bee8e60a-a135-4a90-9ef5-83566baa1c8e	202120535	active	V
a3526107-e61b-4884-a64e-1aff80b522a7	202121031	active	-
f29c8574-e52d-4f58-8693-4e1efe84401d	202121234	active	-
9fa3293e-7cdd-4c87-a6d0-b841a6fd5caf	202121270	active	V
39b7fe5d-7599-47f9-9fc3-e069dec462b1	202121284	active	-
c873fbb2-8509-4aaa-809c-cff99338792e	202121314	active	V
8fe80bac-b003-4b01-a852-7a70a85971d5	202121385	active	-
5f1b8940-3baf-4283-b0ee-5abe1d3d3cb7	202121457	active	-
e2ebde5e-5686-491f-b9e2-bd29ab24736f	202121540	active	V
01128c47-d9c6-44dc-b49d-c3f04583001c	202121575	active	-
6c5a2d7e-1a8f-4f2f-bcbf-45eecbcec64b	202121705	active	V
6f313a2f-15e2-4042-b655-5f2d1724acc8	202121740	active	-
be9eec44-ed35-44f8-ac8e-201ee835f807	202121763	active	-
5973f170-7270-48a5-8a52-a813c79a86ef	202121884	active	-
85032cee-7ef5-4d07-8d16-577d7fdbee2b	202122216	active	-
b862ba23-f577-4dba-a1c0-e27c628bb666	202122219	active	V
cae7b767-8dde-4e66-a39a-3f04ab0004c9	202122226	active	V
d24b7d2c-5a20-40c9-8730-fdba9ea87e87	202122286	active	-
c2aead27-ea1d-4a8e-9fd9-cd8ace5d4e70	202122333	active	V
d609f591-191a-48a4-b375-2f6fd782c08d	202122484	active	-
761b7feb-a3e1-4ee3-be61-f3ebcb4c5864	202122561	active	-
f6b8ba68-54de-4312-93fe-73a2644012ee	202122905	active	V
ccd485fd-b809-4ddb-b81f-95b741ac8402	202122945	active	V
a380586d-b6a9-4c20-aab7-cf5491b7b997	202123118	active	-
407b2f6b-77c1-469f-bc7f-bf467d4439bc	202123154	active	-
3626d7ae-8032-4bcb-a613-ec8f3a8714f3	202123184	active	V
d581b901-a65e-4dbd-88ea-03deadb50089	202123211	active	V
e8e088e0-70eb-46bd-b2d9-aeb8a347a95f	202123223	active	V
db65cf06-c092-44d7-8a47-36b7d74c92c9	202123264	active	V
5554be18-b0e2-47bd-8df8-a10b7d5ebb4c	202123348	active	V
869972d8-0db0-4c8a-ada5-26f77fb1579c	202123349	active	V
9f843a9f-b997-49dd-a1c3-48fed4aba3d0	202123407	active	-
52f04269-b0c0-4fd4-a811-79e5dd6b6749	202123487	active	V
0e330025-df9e-4e81-8b09-294445079aec	202123554	active	V
c9de8384-2055-4a93-ba08-ec6afc468e12	202210001	active	-
0bc12897-c1ae-4903-a28a-42444cb2faf0	202210016	active	-
2e47ab60-f54b-431b-85b0-603b62b7ce9a	202210018	active	-
e05ba74f-beec-4fd9-a33e-3ffb66c593f4	202210065	active	-
06c5ccfe-4918-4643-98e7-0b787b62f317	202210067	active	-
29c16697-024e-4853-9512-fb4b8af3220d	202210094	active	-
bf6d1a46-dd80-4471-814d-9d75ba79222e	202210101	active	V
fad71458-7e2a-4529-87e8-23d7fd6f2b1d	202210123	active	-
7c32ea3c-3ed9-4b53-86c2-09d10ea22795	202210144	active	-
3111125f-df55-4d5f-80ac-ef1eaef84161	202210152	active	-
53e25b3f-828f-416c-a591-1278a0101ad8	202210154	active	-
acbe0a12-49e6-463e-924a-11ba986e243e	202210163	active	V
8e1cdbca-bd80-4645-849c-d402666afc70	202210170	active	V
a5b01789-ece0-4459-b3a5-cdffbe7322ed	202210182	active	-
e2fc3844-59ba-4158-a48c-a18e700d9460	202210198	active	-
9bc8c27f-6af6-4e69-98ac-7e40adbe5696	202210221	active	-
3a0ad12b-40cd-4296-a28b-451326d29e13	202210231	active	-
d1e83fe2-5451-4a31-9e85-afbda0d56329	202210235	active	-
fa3b0e6c-f456-42fc-9097-a42c55b723dc	202210237	active	-
a4795bbd-ae9a-40b9-89b2-a6f038d64706	202210239	active	-
00a8120d-3691-45af-a19b-467236d885b1	202210241	active	V
59b8460d-47f8-4331-9f6e-8d77aa21d18b	202210245	active	V
22d76507-ee25-47ce-bf58-288930857ab7	202210253	active	V
3623879d-a2ac-4651-8f31-d49aa28b6d2c	202210423	active	V
20abbac7-9ca7-43a7-b313-0d5559dd6109	202210429	active	-
7f7ef7d1-fe01-4447-901b-a0ebc403bbac	202210508	active	-
894fed3a-206d-4a93-befc-54ed15968396	202210579	active	V
21637e21-6419-4c9e-bde2-096422b3852d	202210580	active	-
44792c5d-4a00-44a8-9c23-233d1a2e998d	202210593	active	-
3b4cff7f-16b5-4f88-b4df-c30b855db39d	202210693	active	V
6be7e2fe-3e5e-4c8e-b613-ffda49fbad45	202210710	active	-
e8c297be-0e5a-4e63-ad84-dc2da9b8090f	202210755	active	V
a770cec6-425f-4638-a8c4-e442b6c71963	202211184	active	V
175efcd7-8bfa-41af-b8fe-aa5eb040854c	202211189	active	-
10820199-3351-4256-a68c-34325c78abe2	202211208	active	-
2638ddd2-c633-4db7-b1d2-0e3bae6f69f8	202211213	active	V
e448a013-ce15-4adb-b48d-6e87e0b9bd58	202211242	active	-
47f43e99-278a-4ff1-bebb-e2e444db2b5f	202211278	active	-
b63f4345-b6d6-46f5-a20f-a03d80483f54	202211305	active	-
4acd31a0-e019-491f-95b5-4e2a2e59fbaf	202211313	active	V
d9478a31-c514-407a-9614-622d52853c60	202211338	active	-
4fff3ffc-284c-44e8-bc8f-af1182f51e47	202211362	active	-
66ed5419-3808-4688-8baa-c6c9950b5bdb	202211363	active	-
6be20d17-5e01-495b-8b68-a4e1d7c6401c	202211370	active	V
88797e3a-e725-40e0-9823-f258a52a9803	202211461	active	-
1374dc48-eba7-4e47-b5a5-67b31e1a3bfc	202211466	active	V
675cc014-79e0-4aa0-8b5b-d7687eca9d33	202211489	active	V
71c02c9a-37ee-405d-a4ea-13c7be49c581	202211492	active	V
78368e6f-c307-4dcc-a77b-650e6108cfb7	202211506	active	V
27ee6c9b-d223-434b-8faf-13ef4d047a81	202211516	active	-
822f66f4-b5f0-41c6-9faa-e034c0c4d758	202211523	active	-
5c1e234d-61aa-4bcb-bf40-1bd097d3a11b	202211570	active	V
bc027003-3805-495f-93f0-ecaa7cfc8414	202211576	active	-
eef6422a-d023-4114-9586-dd54f69ab0db	202211612	active	-
1dd207c5-639a-48a9-b646-88b8963d841b	202211634	active	-
a2b05ca7-bce5-49fe-867b-d3ee90574a97	202211643	active	-
a38e4e1a-0c6f-49e6-96c8-dad0af9ac88f	202211646	active	-
1173d597-7488-4b22-9eae-6ef1b84e2a80	202211667	active	-
a4735167-bf3d-4a62-9050-ebd9f1b6a798	202211818	active	-
83fd4bb2-21b6-4fbe-b5e3-92b426423bcc	202211887	active	-
00f76762-7687-4342-9146-97c705d6bdec	202211903	active	-
652bf881-bee3-4a4e-b6fe-b437b2a4a62c	202211908	active	-
36d88cc0-55a6-4d60-905a-915763180b56	202211909	active	V
45b05199-338c-42bc-a4f6-d7ec8ca8d99a	202211912	active	-
1e10476c-a791-4767-b406-867b1097538d	202211914	active	V
bc5d5930-b7ef-4e0b-bf86-befbdc3c339c	202211926	active	V
3b26040c-f12e-4f00-bc91-991fe702c7ea	202212059	active	-
c311c487-9e45-4272-81fd-f52714f7fde0	202212071	active	V
9cbfee4d-4069-4b2a-bac0-362afff6c237	202212088	active	V
d8200c33-21bd-4067-b0ef-093ad4f13fde	202212214	active	V
05f07de7-78d5-49ad-a6b3-3bf2ead7042b	202212297	active	-
a6c2fa58-4259-4a1d-999f-77f9f583e490	202212400	active	V
d0ce4f11-34f9-4cab-b89a-3d556fae2d31	202212609	active	V
9788bf5f-6575-4cd2-9faa-131e18ce2d97	202212625	active	-
458a5fbb-e217-4ab4-b1cf-528885147494	202212629	active	-
a5beaad2-f33c-423d-9b05-233223e03128	202212635	active	-
8df164a3-29c6-4931-9d1d-057b195000b5	202212724	active	V
335119f2-f63b-4063-ad13-7e7a84160c2f	202212870	active	-
69d3e8a2-95ef-4244-9fdc-72e8f0b68616	202212901	active	-
be900e78-0178-4c7e-a68c-875e74978a1f	202212935	active	-
ca190332-6359-4bf2-93fe-a78e92221fe9	202213056	active	V
f715d008-2148-44f3-ae3c-7b36c70b8772	202213116	active	-
9d3097bb-c724-4ed8-b989-df893d91c60a	202213135	active	-
434cd180-5dd8-4100-b80e-23c7a0329230	202220159	active	-
28402069-2c13-4a60-a28f-67268c1cbb7c	202220165	active	-
bf07c61a-900a-42a8-9ed0-fbeb0a5a21b3	202220202	active	-
c078e8e7-ec02-49e7-8950-e8afad805a45	202220277	active	V
1670feb9-6be1-4bd5-8d51-243c966134d5	202220296	active	-
8b4185bd-30ac-4f39-9f8c-e52692321644	202220301	active	V
00d221d2-4d0e-404c-8109-c634ee32082a	202220309	active	V
c01f95c3-7c34-48e0-b2cb-5b3db91cc56a	202220315	active	-
840dbfc6-30ca-4d09-8bb7-ba2414649f6a	202220349	active	-
0f086ad3-c053-465f-b0ed-16ac237d26fd	202220460	active	-
0977c47d-19fd-4512-aef2-ec0071a63107	202220714	active	V
803cc359-3e53-47ae-a04b-3be1a5ef9ded	202220943	active	-
a8cc9641-69b3-40fc-a4aa-f9806b56c8f2	202310113	active	V
6ad3f167-db52-484a-8772-3ba0df695ee9	202310366	active	V
d15f063d-af34-49c2-b7d6-87769de08ea2	202310381	active	-
49fe7199-f7d8-4a35-b745-424abfa5b1c6	202310394	active	-
f33a095c-304c-40cb-b6c4-1f01f9284863	202310428	active	-
a0936531-474f-40f4-a01f-0601a8719d68	202310499	active	-
f00a4d02-6cd0-4985-aaf2-c572519ddffb	202310500	active	-
1625493d-551f-44b3-9e3c-617a0ebd0b39	202310507	active	-
ed926fb6-aa3c-468b-a5bd-30032428640d	202310513	active	-
c9caa028-5d4c-46aa-91a6-b2af86096e34	202310534	active	-
736e0eb7-f330-4828-9ad3-0ff031b6912f	202310562	active	-
8ceb7d94-de58-4484-a677-086a3e4fc0d1	202310585	active	-
235ac576-95b0-4083-90b3-c6a50c4e1d86	202310594	active	-
f5a9a8e0-af04-4ef2-a203-4b839f69d8ff	202310596	active	-
fa0c24f5-4bba-4459-8942-8debad8f6ebf	202310601	active	-
134ca29a-e25b-4a43-9f3f-c5eafa57def0	202310612	active	-
82d2b3e0-9cae-4520-b6b1-664ab2f2e7cb	202310617	active	-
3b5336a6-4985-4d5c-8abc-2ff1a33ed886	202310626	active	V
cf28dbe0-86b4-4c6b-94f1-3ca7183c27dd	202310653	active	-
ba1fec1b-64d8-459d-9d32-b18550c93911	202310660	active	-
b0e9bcca-1204-410f-918e-38a747f4cdab	202310681	active	-
28165561-140a-40b0-a4d4-c5a1749c471d	202310688	active	V
5fade40f-e621-44ef-9ff2-d706612edc6c	202310697	active	-
3318bfb3-4796-4659-8813-a5d10cc80918	202310718	active	-
43821786-ac1f-4e5e-a7cf-8986358741a5	202310722	active	-
ef49dbc0-6918-4d53-9959-1830f35f52a4	202310851	active	-
0515bc8c-e76a-4375-a480-5446ff5c0a46	202310852	active	V
3142f2b5-5cb3-4df2-8b6d-9a2ea7e97631	202311122	active	-
218a45f6-b965-4733-aa94-a0b70a5a90c2	202311234	active	V
56dbafb6-9339-4206-be88-e9721e4ca09b	202311279	active	-
4e4dfd1a-8513-44e6-b0b6-fb04187f0621	202311319	active	-
25ff8f06-936e-4b6f-8731-50862cf39928	202311322	active	-
b84b3d56-e639-4860-bd49-d20d423a8221	202311332	active	-
8f868182-4ca5-41e4-9ec1-c33ccd35ec62	202311344	active	-
fbba48d9-197e-41cc-b244-06a07b02076b	202311406	active	-
f7fac22e-072e-4684-b4fe-8cd1b074f630	202311448	active	-
1fa9424b-affe-4952-944d-8e4f6258bf0a	202311453	active	V
4f72204d-d5d2-4560-969f-1371c81a0b56	202311513	active	-
85d907a5-5f11-4529-9df5-a2d9fc8900a7	202311565	active	-
94e427c2-0f53-48e3-9a4b-755316dcf5e6	202311580	active	-
69069d35-4381-44e4-8e9b-0e750f7915eb	202311628	active	-
95ae0074-1abd-4888-b343-dae0e2e18e4d	202311629	active	V
a174b769-0b79-4157-a607-06dca83302ff	202311642	active	V
6d89b029-fda7-4504-8e58-22dc2ecb6caa	202311735	active	-
804a5706-bf45-46b0-af3b-6ef91762d108	202311746	active	V
712dc467-2dce-49c3-8831-fdb39d665efe	202311818	active	-
ebc5a711-2f3b-4a41-aae5-b48a6b62b0ea	202311852	active	V
3e10b9a9-4609-4be1-9765-de649d6a2998	202311933	active	-
600d0182-91be-4f95-94f9-09074e9fb969	202311944	active	-
ca579a3f-52f8-4bee-a2b9-258e37b0b65d	202312018	active	-
43e92bfc-88c4-451a-8951-4106fdf330fb	202312190	active	V
65a5e864-e3ce-47e1-a541-ea80e4499db1	202312207	active	-
5f12b705-aa05-40eb-b284-6bfec34c23aa	202312223	active	V
da9df817-6537-485c-a64c-4618b5fed21e	202312261	active	-
de2ab980-23e1-4db6-96fc-50b790fcde4e	202312273	active	-
7f5d9841-8fd3-4390-a484-67189507db1f	202312278	active	-
ed4c6669-0a7e-43a1-9d75-672f68077649	202312279	active	-
aa110c09-7bbc-4b70-92e6-f7f7bc78bc4b	202312282	active	V
19e729a2-df2a-4a8f-bddb-d8a114fa14df	202312291	active	V
290bd05c-df89-4a3a-a7e4-533e97a2f484	202312293	active	-
23789e0a-710a-4b6d-b806-3d648de5f7f0	202312337	active	-
a97b323c-aea5-450b-b15d-0378a68d23b9	202312338	active	-
938de5f6-18ea-419e-9d3a-f29762f355f9	202312358	active	-
caae0c71-41a7-42c7-865f-789471253b66	202312363	active	-
8ad36b69-37c4-4f79-bac9-81aa9ca35608	202312372	active	-
4ac32501-9f9f-4af3-b802-59c9e40280d8	202312473	active	V
477bbb64-6a14-4626-9c8f-6513a69ae300	202312567	active	-
240c3fed-0c8f-455f-a180-c8ae86f1daae	202312621	active	-
061c4f2b-fc69-470c-b2dd-5e7cfa6e86fd	202312818	active	V
b220c871-0ec7-40a0-a9f0-1f0357d88153	202312823	active	V
1823b0fa-51f4-42f8-9f1b-0f3ddc6b571d	202312880	active	-
8bd96886-d1b3-4f80-a781-3e59a38c2677	202312926	active	V
2158ab6b-85aa-4a47-a79f-a05ab373c020	202312951	active	V
61f5642b-738f-49bd-9077-4d91929edccd	202312966	active	V
e603f460-aa91-4963-bd19-256295ffad24	202312974	active	V
2c588c2a-1870-40e8-b7e4-6cb1b732b8df	202313018	active	-
bcf46637-3cf0-4ba5-acb3-6711d045ebb3	202313405	active	V
2d937198-9194-472d-9b33-8196f6efcf7e	202320143	active	-
9af32662-7fe0-425d-869e-c98968c5d86a	202320309	active	-
1fcfa4df-6307-41ba-b4d9-3761bf13e51a	202320347	active	-
257990d6-3437-4375-a6bd-a35423ade037	202320359	active	-
354949b0-5878-458a-bf27-6edee377edc9	202320449	active	-
2353623d-9f9b-4811-a5e9-ca719d6bfd2d	202320457	active	-
a202e3b4-ca6d-4125-baa4-a73571bcabfa	202320458	active	V
19d52046-99ba-4e23-a33e-e3892e3c4ff8	202320555	active	V
25104d32-7bdb-4a23-b4a6-bf9149de9f03	202320738	active	-
b380f9b1-897a-446c-82a8-098a8f591dee	202320806	active	-
6fd1b2b2-0243-49ff-92e2-987282eaf6f0	202320808	active	-
8dd843e6-c29c-4054-8515-d59f57c82af7	202320814	active	V
fe316346-7fe4-4b10-b2ac-077c3426179a	202320825	active	V
247de8de-6c50-43a7-b3fb-3fd6a2424fc5	202321121	active	V
ba9c68b0-3b3e-4d94-a21d-98a7d1bbda11	202321264	active	-
e02c6f3a-fb4a-4116-aaa2-cfaa5964f26f	202321337	active	V
30449ad7-74e7-483f-8197-a64c57e17933	202410064	active	-
786e3171-9ca9-418b-8be8-a64b368cb6e9	202410119	active	-
929b76b6-d257-4f94-83e3-bb3442971256	202410144	active	-
c573c34d-4bce-4fef-a3dc-0404f01afda7	202410219	active	-
d7fb3f9e-aa1f-493c-b2e6-0becd4a6b66d	202410263	active	-
64076b87-faaa-4b1f-9210-000532823457	202410295	active	-
fec755bc-1edf-4dc2-8f51-a113239e5c5f	202410331	active	-
5d1f5ecc-035b-493f-92b4-defa2ada7ef4	202410360	active	V
3fa4eb4f-78db-451a-b42f-7de04f0ae985	202410365	active	-
d03eef20-561a-4545-a7a4-e5800081ff4e	202410386	active	-
dca55ed1-1d28-4310-bd42-59da34c74abc	202410390	active	V
5752256a-631f-4c8a-b1cd-80e10eaab3fc	202410405	active	-
03b965ae-997a-4b69-a129-af91fe161464	202410410	active	V
3daeda8e-dd3a-4bc7-915c-9eef0a3c9cbe	202410425	active	V
63d6685d-1d18-413f-a371-dfd55a3616dd	202410429	active	-
b476f37a-a1c2-403d-8f9b-d747f8ea2ed4	202410528	active	-
066f13d4-18c3-4f75-9fa2-f3d357bb5504	202410594	active	-
083ecdf3-fa60-4424-a945-60b75e9db1e4	202410596	active	-
eae2f793-f639-4625-95c5-98ecd1df65f8	202410598	active	V
acb624a0-0e93-4384-991a-485da6722b88	202410637	active	-
1cbc0a34-b771-4d44-9d9e-83380b994ddb	202410821	active	V
fe7c1a54-ed6d-4fec-8918-f7c2418b2006	202410923	active	-
b991d6e1-3f5a-4fda-9931-bf4ff0dab7e4	202410924	active	V
3681da68-97a4-4a2b-9599-f3b869d7122c	202410947	active	-
cd0beec1-80c0-4e8b-abb3-b55ee42cae69	202411018	active	V
9f7fccdd-51c0-42f6-a564-4b34f5bf1248	202411068	active	-
30f9352b-c476-4be7-b67b-4b72d0645e5d	202411074	active	-
6ba61d77-cb27-4a4b-be0c-6cf5925d9349	202411078	active	V
4c7cf940-4ad6-4a8a-ad67-b2a295564805	202411212	active	-
f0baa743-a717-42fe-b094-744ad85a556a	202411307	active	-
dc7da27d-f755-42eb-a383-18d421078117	202411515	active	V
513c8d62-7ea8-43d9-af2a-8a1148b89758	202411540	active	-
634f914e-494d-4559-8220-27880eb2b981	202411541	active	V
14dcfa43-3e35-4305-9303-a7ac902b28bf	202411647	active	-
3f132c6a-23ea-4f8d-852c-21e548c1dd95	202411762	active	V
c8a843e1-7b13-4276-afe4-80b530f32ce3	202411951	active	V
467fe13f-f074-4a80-b76c-0511d83030dc	202412071	active	-
af0a1d58-cdc7-4392-8df2-8ae9902c09f4	202412082	active	-
d1d6183b-975b-4dcc-9b46-3c839c004b4d	202412313	active	-
2c610b4b-2a61-41cb-bf7f-87c6c33cc6e4	202412401	active	-
0ede64b9-a050-4377-8c92-3273806c99b2	202412445	active	-
7f78012d-c1da-4bb0-89f2-465d60cd8746	202412460	active	V
36245198-9b93-48f1-a5f9-9fe660b0eef1	202412561	active	-
3f1ea101-c534-485e-af5e-bd1413db5ca5	202412603	active	V
43f48a8f-5741-40e6-bff3-7818d831f262	202412635	active	-
2fbf3ba9-040d-4e4b-ab22-3ca5506396a6	202412637	active	V
49975ed1-0cd0-4727-95ab-4ef011dc9d52	202412639	active	V
0d53692c-c698-462a-aec3-55ece25ed8ed	202412649	active	-
954442c1-e6bb-4235-bf15-2a947185cd4a	202412652	active	-
4bf59b39-364a-4c32-8d6b-580d36b52924	202412844	active	V
90613539-d0d3-4781-981e-3f5c9d118fb7	202412857	active	-
03b49c3a-24b3-4a5d-8054-ce905714e7e3	202412898	active	-
e3042ac1-29c2-40cf-b40c-7ef0a8bba285	202412917	active	-
263816f8-1830-42b7-8f1b-1d4ea8dc9555	202412937	active	-
c9bce5ae-36c5-4d0e-90a5-d0401e8fcb73	202412970	active	-
5c9bdaf9-1a72-4e4e-b271-c8f41583fb6b	202412975	active	-
870b7969-d253-467a-a64e-8a97037b467b	202412983	active	-
be587b1f-2c22-4d12-b1b2-e79a2f0403e6	202413016	active	-
1d48f13d-7fef-4244-9928-2faa5d43bb72	202413055	active	-
42bce4fd-0e2e-49b6-aded-cda42d2bb068	202413087	active	V
696ac20d-6cdb-4fab-9e48-8be96b925bb5	202413095	active	-
54e66c7b-a2f3-48af-939d-f7fd6195ba1f	202413276	active	-
9d5916a1-07ef-4541-9272-53e9d9245e0a	202413437	active	V
0869e3d8-6dc6-4d07-87b8-2444ca6db513	202413491	active	-
261bf393-e3c6-4ee5-a143-d167e1da8860	202413621	active	-
e0472174-894c-44e1-8eef-e5f189c2f254	202413638	active	-
60a004ba-b2dc-4a9b-8f40-1a99808fa5e6	202413643	active	V
763812cf-4dd3-4589-a63a-f20f68e1a7f8	202413685	active	-
3a78e97b-e420-4480-9deb-c3065557e254	202413804	active	V
23216936-7f4b-4f95-ab2d-6de689da4583	202414082	active	-
4202bbdb-6af9-41fa-9590-aa74a341f2a7	202414181	active	-
3cc62231-d39a-4b95-b7c0-8717eb60ec6f	202414292	active	V
dd658449-9831-4a4a-a3ee-6544853c685d	202414436	active	-
8af7d843-d6d4-4cc6-9cea-b7ba849c191a	202420005	active	-
104e7b53-6abb-4206-a724-6488108c9a7f	202420007	active	-
90ad343f-349b-44fe-b506-eaf61a2706d6	202420542	active	-
1e7ec8cf-2bdc-48c0-a699-1c1299232ba9	202420544	active	V
c4eeff29-2fd1-4462-9dcf-bf95e99cac77	202420757	active	-
7ea04636-65a2-4445-8f02-e9e963a3f01d	202420846	active	-
e7ca9e4a-0ff5-486f-9807-d928650d8219	202421135	active	-
2f231fb5-45a4-45b1-972a-797598bc98ff	202421179	active	-
e4f9e6c8-b560-49e8-a851-045cba097073	202421188	active	V
fa289760-40a5-49bf-bc31-a9f946f1ef3c	202421196	active	V
40685922-0456-465b-a3ba-18fccb959833	202421197	active	V
f426d689-9a4f-4c96-9220-55aa0eeb634e	202421211	active	V
2504c084-af16-4ea9-bd1f-3475738896dd	202421212	active	V
036b5b88-5bb9-4250-8e56-3d7db9ae53b2	202421249	active	V
272596f6-b6da-4ec5-ae33-32357906330e	202421264	active	V
6b82d364-ebfb-469f-aa08-c2b3866c96ea	202421273	active	V
29cf5bf1-6495-441f-b0d3-33c5034b6d2b	202510147	active	V
676a2ccc-d024-48fc-967d-17a233f3aa83	202510221	active	-
b5ac47e9-c294-4a45-9f88-b1271cc20f87	202510222	active	-
0830751e-0bd1-4df5-9a00-093768dcff29	202510237	active	-
ee987993-3aed-4096-ba60-04b337957d6a	202510312	active	-
5a7c3837-f016-40df-8455-cd3c292cf44e	202510359	active	-
d383d1c5-02d6-41d7-8143-032d202b852d	202510577	active	-
dee417be-3a5c-4206-880c-be2edd8f28d0	202510594	active	-
58f02427-9629-40c5-a3e2-1efeb1dd2e30	202510613	active	V
38ea4446-12f1-4c06-8f03-d0c6cb6af175	202510677	active	-
99cde2f5-3367-4287-915f-e13663eab21a	202510755	active	V
d25a1aeb-13f8-47d5-91a1-f40757f286c8	202510987	active	V
d7d00364-53b5-47f3-bac8-7349300ff422	202511055	active	V
b09a4c46-ce8d-430b-94fd-bf4f9a43977a	202511180	active	-
10558e1c-7257-4fbd-b133-b76328dcc98c	202511250	active	V
d2af95ee-9aca-44f7-a15a-7e3f086d31ad	202511263	active	-
0946540e-79d9-4f1d-8d37-a2fb93953a34	202511265	active	V
c57940f1-c721-43df-90fc-77a626b37b59	202511292	active	V
a8352250-7627-4414-8e54-0b7df86e8770	202511303	active	V
12b28803-3c9c-4260-aebb-ef13ad50c3d5	202511482	active	-
357632f1-72b6-4a91-a318-ff587abdabaf	202511483	active	-
75c2ed18-26b6-4561-8078-0f623d6033ad	202511593	active	-
f053e514-06ad-4117-a611-bf0e625dca5c	202511594	active	V
4218bb31-8dcf-4119-9880-46b5cc32b63c	202511925	active	V
a835fdfd-07a0-4d37-a64e-5a1c5c77d937	202512202	active	-
250af485-fe63-4048-8c5f-8351a2dacf79	202512231	active	-
59455429-312c-4b09-a885-da9aa84393fe	202512245	active	V
56a3383a-54fe-4140-9d1c-0f7ff4031590	202512299	active	-
377018c6-1d88-4aaa-81a1-137939a37452	202512635	active	V
b799142f-f0b5-428c-8ab8-ae6186848c09	202512821	active	-
2ca10e64-ba8e-4822-a5a0-6dbf16a1c285	202512891	active	-
e06a5a2f-3acd-4505-b686-c5bb07f224c8	202512912	active	-
a7b7beec-0bab-477f-b66f-ba6a246c3900	202512931	active	V
9ee07a5b-c0d9-4695-b04e-3ba1cd3135b3	202512935	active	-
ec0441ff-f9b7-4ef5-bcc1-efad87feb6be	202512949	active	V
880bd56e-a312-4881-803e-1a0eb4ea96e8	202513094	active	-
1e40b587-4846-45d3-a351-95b24b586bea	202513142	active	-
701fa249-8e0f-462a-823a-51ef6bb8d8bf	202513188	active	-
84bc0be2-59ae-4d03-9479-7377f161f1ea	202513561	active	V
da963e8c-d2e0-4ae9-861b-4b44df079da0	202513565	active	V
3a86d7e9-6c5a-40fa-90b1-db518304121f	202513610	active	-
fda93ab0-5212-4b3c-9228-978cd8acee98	202513625	active	-
8539ac02-b788-4d9d-8057-39b5dfdf32b6	202513627	active	-
4a10e061-c40e-429b-868b-55b51234db06	202513637	active	V
aec210ca-205d-467d-8c19-45980880a0ee	202513682	active	V
7d3af621-aa18-4dfa-99c3-9179f97d7dfa	202513743	active	V
78c1394d-5b51-4fc8-9815-b6d6c657fd69	202513786	active	-
064ba969-5336-42b5-910f-26f96b2c080f	202513817	active	-
25365c70-f0bf-4164-bb96-d8bd6a8f1886	202513857	active	V
324597fc-0aba-4544-a2ed-6e6e0e83c053	202513974	active	V
5c3a9b37-abc1-4b75-a922-381cad1ba2b6	202514026	active	-
feaccc1e-7a1a-44b0-a880-bc4afae053bb	202514138	active	V
54830e21-934b-4dce-aedd-812fd9b089ad	202514444	active	V
ee85c0bb-624f-4b50-9522-2867115bc99c	202514503	active	-
a3e90a2c-eca0-4f50-a918-ab40b2e7a209	202514504	active	-
314d8cf7-64ff-4ff6-bb9e-11053bde6b39	202520020	active	-
302927f4-d39f-4ffd-97a8-cc41c5f31038	202520049	active	V
bc3b53f9-af5d-4f7d-b879-988be11f28ea	202520070	active	-
04a53ffa-ec4e-43c2-a446-97b94981efd4	202520081	active	-
84bc38b1-f039-4218-92da-79bf5a01d9b0	202520359	active	V
2f3d46cb-dcb7-47bd-8d75-421e4d9e9332	202520430	active	V
2232923b-dacd-4b7e-9fd3-5e27796f33cb	202520569	active	V
152cb2bc-b580-4103-9608-816ea1505605	202520920	active	-
298ff34c-276f-4fa8-bfb9-f429065997f0	202521176	active	V
2fc7ba8b-f940-44af-8f55-5e9472a4b382	202521211	active	-
a61f172a-cabd-4646-9cb6-a2e37eee013a	202521215	active	V
b27e0b4d-c028-4b11-ac9f-e917d988c632	202521264	active	V
3dea34fa-672c-4f3b-9640-7631feb049e2	202521357	active	V
13d8834d-f8bf-4c9f-875c-8dedf16cc7fc	202610080	active	V
e70314d1-36bd-4c9b-830e-db18acf57ecd	202610383	active	-
6ebed02f-4a07-45ca-8a91-921248e545b2	202610403	active	V
5a305d94-ffd9-4d47-a80c-55990d4be953	202610501	active	V
12069243-ae12-45dc-be88-8a0004bb1638	202610541	active	V
7fbd9e83-2124-4815-8e2f-f2653b3de009	202610689	active	V
4fe819c0-dc67-4a5c-996b-80f84d623bbc	202611276	active	-
d174da36-1b5a-4a82-84fb-fe0bd270a24b	202611279	active	-
39e0accb-a992-4595-a4ad-4315eb14d2f1	202611344	active	V
8df9822e-d9b8-4c28-85e8-fc7bf1c44620	202611373	active	-
7fbd4c0e-4b80-4234-96b8-38add57a7c64	202611432	active	V
134d77b9-2c1d-4e7c-854a-559a12610ec5	202611460	active	-
2c80c106-8291-4dcb-869c-b99c6acc8803	202611565	active	V
7803a762-9ceb-4c14-ab4a-a670867e780c	202612052	active	-
a3753309-c9ae-403a-b842-f067322db905	202612131	active	V
2de97739-c314-4dd0-bcdf-ad0028c91a6e	202612616	active	V
182a0069-c22f-4aca-a76d-56a1036bf7d3	202612792	active	-
376de81f-5b45-48fb-a648-792822681f38	202613018	active	-
32cc91c9-c56d-4167-a597-1793e1ab39db	202613132	active	-
8bfec1bb-48a0-4472-a1c4-971a7df0b331	202613450	active	V
b1abc094-602c-4510-99b7-21c94706ad26	202613498	active	V
98ce12f9-68ac-4c5b-86e4-0877346a6fc6	202613999	active	-
aaa38088-6dd0-43be-99d5-449dce54ff48	202614021	active	-
751c10ef-66b7-409f-99b5-0b4f2d1deb69	202614022	active	-
603c0707-d858-402a-a031-345bc2b068ca	202614356	active	V
d578d4d8-2dcd-4300-b057-01b1466253e0	202614753	active	-
7cbfbbc2-54a8-426b-b527-21dff3262eb8	202614754	active	-
8eba68ce-0717-4482-9cdf-dbac026ff5d2	202614833	active	-
9d061641-9345-40c0-96a6-cbcb94165bab	324103122	active	V
25ffc8eb-5f00-4305-8658-b56874caff15	324111080	active	-
37626691-b61f-4cde-ba5c-1a160810a6f4	8610030	active	V
ba73a07f-7648-45ac-a258-edc2516bd18c	8810002	active	V
430ec90d-ac1f-4145-84fa-1c7c91e15dbb	8810250	active	-
8d238f8b-12eb-4bec-a57b-7fd248f920d3	8910324	active	V
850ed31f-15a7-41b1-a260-971ff1fae1d0	9010004	active	V
4dcfd8ab-8ba1-4d9c-bd52-074336e1bcee	9010360	active	-
3838aae3-b75c-420d-8ec5-2e29d05ca3d8	9010464	active	V
2218bd96-1261-40a1-a6f2-31d563baaf2c	9110003	active	V
eb4cfd6e-637c-4cc3-b8d7-2673ccc36d56	9110177	active	-
c0b181ac-f1b3-4045-9989-df4c83e96c23	9210011	active	V
4205bd30-0677-45c9-9254-63f5b116d287	9210032	active	V
88e1a5c1-6ad4-4351-8964-d8e774fe50b4	9210069	active	-
9b5ad650-f00b-485e-a7ef-b2f8c76ee507	9210225	active	V
e88479fa-cdb5-4f16-b50c-19c8550ddcba	9210255	active	V
950118a2-61f3-4cb9-aea7-831f0bae49f4	9210324	active	V
7c9fae5f-f5de-4932-a74b-2c1830e287aa	9220007	active	V
bdc14f5c-eedd-49eb-9c68-820b3b7ba903	9310053	active	V
3448c7a8-dfc7-4b9b-a590-fa9fad8c5397	9310119	active	V
0e64abbc-9d76-4a2a-9eee-7da5362100cd	9310236	active	V
7b2b4e23-2b8e-415e-aa95-abafa146063e	9410145	active	V
d8fab68c-76df-418c-83ed-04dccbfc23fc	9410260	active	V
29bdad20-b9ff-4d69-9e28-3fd4783a9478	9410476	active	V
2d7bb5f1-a4c9-4f92-8117-e3716ac36b9f	9410586	active	V
ec1aabb7-5833-446a-8ce1-51bf666dced5	9510026	active	-
3322ab1a-5dfc-4b5f-920b-8b9bcc99b45c	9510311	active	V
af19565a-d603-42fc-86c3-4cf5aa94fffa	9610104	active	V
5fc85a63-95d3-4c9e-bbbf-42c1907ef8ef	9610229	active	V
6b04d274-b94e-4a65-9f60-075d2ab3fdca	9610240	active	V
aa865968-2642-4c5f-a100-5314d87aebd5	9610257	active	V
86d233f9-0d26-4408-8877-ed9162405d62	9620015	active	V
be057849-7db3-49cb-855a-68cbdbed4bb3	9710064	active	V
fde35a32-b4c0-419c-a175-68710a72c1e5	9710090	active	V
dd47213f-e959-486b-a1ad-d1915deedb2c	9710096	active	V
55228fda-8c25-451c-a16f-d90accedaa84	9810042	active	V
1647f1a1-6d78-478c-8391-c9e0b9004ea1	9810049	active	V
64e5c24f-c1ac-4fb8-aca6-4f6d25504f9e	9810185	active	V
963a22ea-04b0-4ee4-a392-003df81d465b	9820009	active	-
4da1883d-27a3-4d36-8ea3-0114364a5fc4	9910035	active	V
9363363e-77c1-4ec5-b32b-d3cfb6f01e32	9910144	active	V
12259633-cb57-4c7f-8e28-cdd80047f97a	9910182	active	V
fa26c166-5885-4f8d-9fd7-ff9482abd126	9910191	active	V
afbdf71e-3883-41f4-ac67-3b55adb08abd	9910307	active	V
2a7b25e1-f4b5-4c7e-b165-64b4187864e3	9910381	active	-
d264a576-acf2-424d-9d30-9ae341284886	9920028	active	V
